{
  "parent": "minecraft:item/generated",
  "textures": {
    "layer0": "ansanpack:item/major_healing_potion"
  },
  "display": {
    "thirdperson_righthand": {
      "rotation": [90, 0, 0],
      "translation": [0, 3, 1],
      "scale": [0.55, 0.55, 0.55]
    },
    "thirdperson_lefthand": {
      "rotation": [0, 90, -55],
      "translation": [0, 4.0, 0.5],
      "scale": [0.85, 0.85, 0.85]
    },
    "firstperson_righthand": {
      "rotation": [45, -90, 25],
      "translation": [1.13, 3.2, 1.13],
      "scale": [0.68, 0.68, 0.68]
    },
    "firstperson_lefthand": {
      "rotation": [45, -90, 25],
      "translation": [1.13, 3.2, 1.13],
      "scale": [0.68, 0.68, 0.68]
    }
  }
}
